url,title,content,image_url,local_image_path,permalink
https://global.shaktimanagro.com/champion/,Champion ES ,"Inbuilt Air Compressor for Cleaning machine, radiator grille and filling air in tyres. Auto cleaning system prevents overheating enabling machine to work for longer duration. Extractor hood with ceramic coating to prevent excessive wera and tear during operation. ES",https://global.shaktimanagro.com/wp-content/uploads/2024/08/1-2.png,champion.png,champion
https://global.shaktimanagro.com/champion-2/,Champion 2 ES ,"Inbuilt Air Compressor for Cleaning machine, radiator grille and filling air in tyres. Auto cleaning system prevents overheating enabling machine to work for longer duration. Extractor hood with ceramic coating to prevent excessive wera and tear during operation. ES",https://global.shaktimanagro.com/wp-content/uploads/2024/08/1-2.png,champion-2.png,champion-2
https://global.shaktimanagro.com/champion-3/,Champion 3 ES ,"Inbuilt Air Compressor for Cleaning machine, radiator grille and filling air in tyres. Auto cleaning system prevents overheating enabling machine to work for longer duration. Extractor hood with ceramic coating to prevent excessive wera and tear during operation. ES",https://global.shaktimanagro.com/wp-content/uploads/2024/08/1-2.png,champion-3.png,champion-3
https://global.shaktimanagro.com/champion-4/,Champion 4 ES ,"Inbuilt Air Compressor for Cleaning machine, radiator grille and filling air in tyres. Auto cleaning system prevents overheating enabling machine to work for longer duration. Extractor hood with ceramic coating to prevent excessive wera and tear during operation. ES",https://global.shaktimanagro.com/wp-content/uploads/2024/08/1-2.png,champion-4.png,champion-4
https://global.shaktimanagro.com/champion-5/,Champion 5 ES ,"Inbuilt Air Compressor for Cleaning machine, radiator grille and filling air in tyres. Auto cleaning system prevents overheating enabling machine to work for longer duration. Extractor hood with ceramic coating to prevent excessive wera and tear during operation. ES",https://global.shaktimanagro.com/wp-content/uploads/2024/08/1-2.png,champion-5.png,champion-5
https://global.shaktimanagro.com/champion-6/,Champion 6 ES ,"Inbuilt Air Compressor for Cleaning machine, radiator grille and filling air in tyres. Auto cleaning system prevents overheating enabling machine to work for longer duration. Extractor hood with ceramic coating to prevent excessive wera and tear during operation. ES",https://global.shaktimanagro.com/wp-content/uploads/2024/08/1-2.png,champion-6.png,champion-6
https://global.shaktimanagro.com/champion-7/,Champion 7 ES ,"Inbuilt Air Compressor for Cleaning machine, radiator grille and filling air in tyres. Auto cleaning system prevents overheating enabling machine to work for longer duration. Extractor hood with ceramic coating to prevent excessive wera and tear during operation. ES",https://global.shaktimanagro.com/wp-content/uploads/2024/08/1-2.png,champion-7.png,champion-7
https://global.shaktimanagro.com/champion-8/,Champion 8 ES ,"Inbuilt Air Compressor for Cleaning machine, radiator grille and filling air in tyres. Auto cleaning system prevents overheating enabling machine to work for longer duration. Extractor hood with ceramic coating to prevent excessive wera and tear during operation. ES",https://global.shaktimanagro.com/wp-content/uploads/2024/08/1-2.png,champion-8.png,champion-8
https://global.shaktimanagro.com/champion-9/,Champion 9 ES ,"Inbuilt Air Compressor for Cleaning machine, radiator grille and filling air in tyres. Auto cleaning system prevents overheating enabling machine to work for longer duration. Extractor hood with ceramic coating to prevent excessive wera and tear during operation. ES",https://global.shaktimanagro.com/wp-content/uploads/2024/08/1-2.png,champion-9.png,champion-9
https://global.shaktimanagro.com/champion-10/,Champion 10 ES ,"Inbuilt Air Compressor for Cleaning machine, radiator grille and filling air in tyres. Auto cleaning system prevents overheating enabling machine to work for longer duration. Extractor hood with ceramic coating to prevent excessive wera and tear during operation. ES",https://global.shaktimanagro.com/wp-content/uploads/2024/08/1-2.png,champion-10.png,champion-10
https://global.shaktimanagro.com/champion-11/,Champion 11 ES ,"Inbuilt Air Compressor for Cleaning machine, radiator grille and filling air in tyres. Auto cleaning system prevents overheating enabling machine to work for longer duration. Extractor hood with ceramic coating to prevent excessive wera and tear during operation. ES",https://global.shaktimanagro.com/wp-content/uploads/2024/08/1-2.png,champion-11.png,champion-11
https://global.shaktimanagro.com/champion-12/,Champion 12 ES ,"Inbuilt Air Compressor for Cleaning machine, radiator grille and filling air in tyres. Auto cleaning system prevents overheating enabling machine to work for longer duration. Extractor hood with ceramic coating to prevent excessive wera and tear during operation. ES",https://global.shaktimanagro.com/wp-content/uploads/2024/08/1-2.png,champion-12.png,champion-12
https://global.shaktimanagro.com/champion-13/,Champion 13 ES ,"Inbuilt Air Compressor for Cleaning machine, radiator grille and filling air in tyres. Auto cleaning system prevents overheating enabling machine to work for longer duration. Extractor hood with ceramic coating to prevent excessive wera and tear during operation. ES",https://global.shaktimanagro.com/wp-content/uploads/2024/08/1-2.png,champion-13.png,champion-13
https://global.shaktimanagro.com/champion-14/,Champion 14 ES ,"Inbuilt Air Compressor for Cleaning machine, radiator grille and filling air in tyres. Auto cleaning system prevents overheating enabling machine to work for longer duration. Extractor hood with ceramic coating to prevent excessive wera and tear during operation. ES",https://global.shaktimanagro.com/wp-content/uploads/2024/08/1-2.png,champion-14.png,champion-14
https://global.shaktimanagro.com/champion-15/,Champion 15 ES ,"Inbuilt Air Compressor for Cleaning machine, radiator grille and filling air in tyres. Auto cleaning system prevents overheating enabling machine to work for longer duration. Extractor hood with ceramic coating to prevent excessive wera and tear during operation. ES",https://global.shaktimanagro.com/wp-content/uploads/2024/08/1-2.png,champion-15.png,champion-15
https://global.shaktimanagro.com/champion-16/,Champion 16 ES ,"Inbuilt Air Compressor for Cleaning machine, radiator grille and filling air in tyres. Auto cleaning system prevents overheating enabling machine to work for longer duration. Extractor hood with ceramic coating to prevent excessive wera and tear during operation. ES",https://global.shaktimanagro.com/wp-content/uploads/2024/08/1-2.png,champion-16.png,champion-16
https://global.shaktimanagro.com/shaktiman-3737/,Shaktiman 3737 ES ,"Inbuilt Air Compressor for Cleaning machine, radiator grille and filling air in tyres. Auto cleaning system prevents overheating enabling machine to work for longer duration. Extractor hood with ceramic coating to prevent excessive wera and tear during operation. ES",https://global.shaktimanagro.com/wp-content/uploads/2024/08/product-img.png,shaktiman-3737.png,shaktiman-3737
https://global.shaktimanagro.com/mini-plus/,MINI PLUS ,"MINI PLUS rotary tillers have a robust design that is particularly appropriate for small-scale farming, inter-rowcultivation and green houses. These rotary tillers can be used for dry cultivation but also wet cultivation insmall paddy fields. MINI PLUS for the farmers’ tiniest needs.",https://global.shaktimanagro.com/wp-content/uploads/2024/10/MINI-PLUS-1.png,mini-plus.png,mini-plus
https://global.shaktimanagro.com/mini-plus-th/,MINI PLUS TH ,"MINI PLUS TH rotary tillers have a robust design that is particularly appropriate for small-scale farming, inter-row cultivation and green houses. These rotary tillers can be used for dry cultivation but also wet cultivation in small paddy fields. MINI PLUS TH for the farmers’ tiniest needs.",https://global.shaktimanagro.com/wp-content/uploads/2024/10/MINI-PLUS-TH-NEW.png,mini-plus-th.png,mini-plus-th
https://global.shaktimanagro.com/reverse-forward/,REVERSE FORWARD ,"The RF rotary tiller is a compact, two-way operating implement, i.e. the gearbox moves in dual directions reverse and forward. The RF rotary tiller performs deep tillage along with fine pulverization in the first passage, while its J-shaped blades penetrate the ground for deeper tillage.",https://global.shaktimanagro.com/wp-content/uploads/2024/10/ROTARY-TILLER-REVERSE-FORWARD-1200x796.png,reverse-forward.png,reverse-forward
https://global.shaktimanagro.com/fma-ultralight/,FMA ULTRA LIGHT ,"The FMA rotary tillers are designed for a variety of horticulture, agriculture and commercial applications to till the soil for seedbed and planting preparation. Ultralight FMA rotary tillers are available in different sizes and working widths.",https://global.shaktimanagro.com/wp-content/uploads/2024/10/ROTARY-TILLER-ULTRA-LIGHT-1200x814.png,fma-ultralight.png,fma-ultralight
https://global.shaktimanagro.com/ul-manual/,UL MANUAL ,"The UL MANUAL rotary tiller is a side-shift tiller. By means of its adjustable rotor shaft, it can be operated in central as well as in offset positions. This makes the tiller particularly suitable for operations in open orchards, where tractor maneuvering might be quite tricky.",https://global.shaktimanagro.com/wp-content/uploads/2024/10/ROTARY-TILLER-UL-MANUAL-1200x814.png,ul-manual.png,ul-manual
https://global.shaktimanagro.com/proton/,PROTON ,PROTON rotary tillers are designed for mini tractors. It is a powerful handy tool for lighter applications where soft tillage is required in inter cultivations.,https://global.shaktimanagro.com/wp-content/uploads/2024/10/ROTARY-TILLER-PROTON-1200x1046.png,proton.png,proton
https://global.shaktimanagro.com/fighter/,FIGHTER ,"Soil and seedbed preparation are essential steps in modern agriculture. Efficient and careful operations are key to producing high crop yields. Likewise important are reliable implements and farming tools when it comes to breaking and loosening the soil, removing weeds, increasing nutrients, improving soil aeration and drainage. Whether it is for primary or secondary tillage, Shaktiman has the right solution to prepare your soilfor healthy crops.",https://global.shaktimanagro.com/wp-content/uploads/2024/10/Fighter-1-1200x1032.png,fighter.png,fighter
https://global.shaktimanagro.com/ul/,UL ,UL rotary tillers are particularly suitable for small-scale farming with smaller HP tractors. The UL series has been exclusively designed for European and American markets. UL rotary tillers are perfect for gardening and hobby farming.,https://global.shaktimanagro.com/wp-content/uploads/2024/10/ROTARY-TILLER-UL-1200x891.png,ul.png,ul
https://global.shaktimanagro.com/um/,UM ,The UM series consists of versatile medium-duty tillers for tractors with 25 to 50 HP. Their low maintenance and dependable design are perfect for demanding soil. UM rotary tillers are also suitable for vineyards and orchards.,https://global.shaktimanagro.com/wp-content/uploads/2024/10/ROTARY-TILLER-UM-1200x717.png,um.png,um
https://global.shaktimanagro.com/uh/,UH ,The UH series consists of heavy-duty tillers suitable for 40 to 65 HP tractors. These tillers are intended for very demanding and stony soil. The sturdy design and heavy-duty gearbox are apt for tough usage.,https://global.shaktimanagro.com/wp-content/uploads/2024/10/UH-Series-1200x689.png,uh.png,uh
https://global.shaktimanagro.com/regular-light/,REGULAR LIGHT ,"The REGULAR LIGHT rotary tillers have a lean and mean design particularly carved out for puddling operations. These handy implements are great for seedbed preparation on clay soil or delta belts. The REGULAR LIGHT rotary tillers are agile and robust at the same time. Thanks to their light weight and easy handling, they contribute to the tractor’s fuel efficiency. Variable speeds and multiple blade options facilitate secondary tillage operations.",https://global.shaktimanagro.com/wp-content/uploads/2024/10/ROTARY-TILLER-REGULAR-LIGHT-1200x927.png,regular-light.png,regular-light
https://global.shaktimanagro.com/regular-smart/,REGULAR SMART ,"REGULAR SMART rotary tillers are multi-talents that can be used for both wet and dry tillage operations.REGULAR SMART tillers prepare a fine seedbed on light and medium soils with minimum passages with all weather conditions. The series comes with multiple drives, speeds, and blades to choose from.",https://global.shaktimanagro.com/wp-content/uploads/2024/10/Regular-Plus-1-1200x876.png,regular-smart.png,regular-smart
https://global.shaktimanagro.com/regular-plus/,REGULAR PLUS ,"REGULAR PLUS rotary tillers are suitable for medium and hard soil combining the features of the LIGHT and SMART models of the same product family. REGULAR PLUS rotary tillers are available in multiple drives, speeds, and drives and are perfect for superior seedbed preparation for both dry and wet soil tillage operations.",https://global.shaktimanagro.com/wp-content/uploads/2024/10/ROTARY-TILLER-REGULAR-LIGHT-1200x927.png,regular-plus.png,regular-plus
https://global.shaktimanagro.com/semi-champion/,SEMI CHAMPION ,"The SEMI CHAMPION rotary tillers have developed to preserve and enhance soil condition and health. The specifically designed blades and rotor contribute to retaining moisture and increasing porosity. This results in better aeration and ensures the quality of seed germination. The robust and stable construction is available with different combinations of drives, speeds, and blades.",https://global.shaktimanagro.com/wp-content/uploads/2024/10/Semi-Champion-1-1200x777.png,semi-champion.png,semi-champion
https://global.shaktimanagro.com/semi-champion-plus/,SEMI CHAMPION PLUS ,"SEMI CHAMPION PLUS rotary tillers are very versatile for all types of soil. Thanks to latest technologies and a great variety of speeds, blades, and drive-shaft combinations, these tillers boost with unmatched efficiency when it comes to pulverization.",https://global.shaktimanagro.com/wp-content/uploads/2024/10/Semi-Champion-Plus-5.5-feet-TM-1200x800.png,semi-champion-plus.png,semi-champion-plus
https://global.shaktimanagro.com/champion-17/,CHAMPION ,"The CHAMPION rotary tiller, as its name suggests, is an out-and-out heavy-duty performer on all types of soils. It has been specifically built for deep tillage, such as in sugarcane and banana fields. Superior performance through different combinations of drives, speeds and blade types along with trouble-free maintenance make this rotary tiller a true CHAMPION.",https://global.shaktimanagro.com/wp-content/uploads/2024/10/ROTARY-TILLER-CHAMPION.png,champion-17.png,champion-17
https://global.shaktimanagro.com/champion-america/,CHAMPION AMERICA ,"The CHAMPION AMERICA rotary tiller, as its name suggests, is an out-and-out heavy-duty performer on all types of soils. It has been specifically built for deep tillage, such as in sugarcane and banana fields. Superior performance through different combinations of drives, speeds and blade types along with trouble-free maintenance make this tiller a true CHAMPION.",https://global.shaktimanagro.com/wp-content/uploads/2024/10/CHAMPION-AMERICA-1-1200x641.png,champion-america.png,champion-america
https://global.shaktimanagro.com/side-shift/,SIDE SHIFT ,"The SIDE SHIFT rotary tiller features a hydraulic-cylinder shift mechanism that enables operations in central as well as offset positions. As a result, the tiller can easily reach and operate in orchards or vineyards as well as under and between bushes and trees. The SIDE SHIFT rotary tiller has a robust frame and robust structure making it suitable also for tough operating conditions. It is also suitable for track-type tractors.",https://global.shaktimanagro.com/wp-content/uploads/2024/10/Side-Shift-Rotary-Tiller-1200x635.png,side-shift.png,side-shift
https://global.shaktimanagro.com/viktor/,VIKTOR ,"VIKTOR is a multi-purpose rotary tiller that is able to deal with a variety of different tillage applications. It can be used for dryland cultivations ranging from medium to heavy soils. Being available with hydraulically or mechanically adjustable rollers, different speeds, blades, and drive shafts, VIKTOR is your winning element in every situation.",https://global.shaktimanagro.com/wp-content/uploads/2024/10/ROTARY-TILLER-VIKTOR-1200x1064.png,viktor.png,viktor
https://global.shaktimanagro.com/viktor-plus/,VIKTOR PLUS ,"VIKTOR PLUS is a multi-purpose rotary tillers that is able to deal with a variety of different tillage applications. It can be used for dryland cultivations ranging from medium to heavy soils. Being available with hydraulically or mechanically adjustable rollers, different speeds, blades, and drive shafts, VIKTOR PLUS is your winningelement in every situation.",https://global.shaktimanagro.com/wp-content/uploads/2024/10/Viktor-Plus-Series-1.75-1200x895.png,viktor-plus.png,viktor-plus
https://global.shaktimanagro.com/tusker/,TUSKER ,"The TUSKER rotary tiller is specifically designed for banana fields. It features a larger blade for hull clearance providing the extra space required for crushing the banana stems during tillage. This rotary tiller is also suitable for slashing dense, fibrous residue and roots of crops, such as banana, papaya, and sugarcane, which it mixes with the soil in one go. TUSKER comes with multiple speed options and can be fine-tuned through some technical tweaks.",https://global.shaktimanagro.com/wp-content/uploads/2024/10/SHAKTIMAN-TUSKER-012A2303-1200x800.png,tusker.png,tusker
https://global.shaktimanagro.com/la-tusker/,LA TUSKER ,"The L-AMERICA rotary tiller is specifically designed for banana fields. It features a larger blade for hull clearance providing the extra space required for crushing the banana stems during tillage. This rotary tiller is also suitable for slashing dense, fibrous residue and roots of crops, such as banana, papaya, and sugarcane, which it mixes with the soil in one go. TUSKER comes with multiple speed options and is fine-tuned through some technical tweaks.",https://global.shaktimanagro.com/wp-content/uploads/2024/10/LA-TUSKER-or-L-America-1-1200x828.png,la-tusker.png,la-tusker
https://global.shaktimanagro.com/inter-cultivator/,INTER CULTIVATOR ,"The INTER CULTIVATOR is a rotary tiller specifically designed for sugarcane fields. As the name suggests, the INTER CULTICATOR tills alternate lanes of sugarcane crop easily.",https://global.shaktimanagro.com/wp-content/uploads/2024/10/Inter-Row-Rotary-Tiller-1200x678.png,inter-cultivator.png,inter-cultivator
https://global.shaktimanagro.com/cultisol/,CULTISOL ,The CULTISOL rotary tiller is a robust and durable implement for hard soil. It features a spring-protection mechanism for stony land. An optional hydraulic depth control is available. CULTISOL has a European design and provides high-class performance along with great efficiency while running operations smoothly.,https://global.shaktimanagro.com/wp-content/uploads/2024/10/102-ROTARY-TILLER-CULTISOL-1200x841.png,cultisol.png,cultisol
https://global.shaktimanagro.com/jumbo/,JUMBO ,"JUMBO is one of the heaviest of all rotary tillers from Shaktiman. It features an extraordinarily robust structure providing cutting-edge performance and efficiency even on hard soil. Thanks to hydraulically and mechanically adjustable rollers, multi-speed options and different blade types this rotary tiller ensures easy chopping even of thick and strongly rooted crop residue. JUMBO is designed for heavy-duty applications and covers large areas in less time even in case of challenging soil conditions and large-scale farming operations.",https://global.shaktimanagro.com/wp-content/uploads/2024/10/JUMBO-SERIES-1-1200x617.png,jumbo.png,jumbo
https://global.shaktimanagro.com/jar-4-5-m/,JAR 4.5 M ,"JAR 4.5 M is one of the heaviest of all rotary tillers from Shaktiman. It features an extraordinarily robust structure providing cutting-edge performance and efficiency even on hard soil. Thanks to hydraulically and mechanically adjustable rollers, multi-speed options and different blade types this rotary tiller ensures easy chopping even of thick and strongly rooted crop residue. JAR 4.5 M is designed for heavy-duty applications and covers large areas in less time even in case of challenging soil conditions and large-scale farming operations.",https://global.shaktimanagro.com/wp-content/uploads/2025/02/Jar-4.5.png,jar-4-5-m.png,jar-4-5-m
https://global.shaktimanagro.com/dhaan-mitram/,DHAAN MITRAM ,"DHAAN MITRAM is a light, but strong rotary tiller specifically designed for highest efficiency in puddling operations. This rotary tiller has a larger area coverage with a less-horse-power tractor. The large spring rake equipment makes a smooth and fine soil surface. The leveling plate achieves a uniform flat bed with the required surface compaction. DHAAN MITRAM stands for fuel, cost, and time savings.",https://global.shaktimanagro.com/wp-content/uploads/2024/10/Dhaan-Mitram-1200x591.png,dhaan-mitram.png,dhaan-mitram
https://global.shaktimanagro.com/srpl-light/,SRPL LIGHT ,"SRPL LIGHT is a power harrow series specifically designed for 50-HP to 80-HP tractors provided with a CAT-II hitch. SRPL LIGHT is particularly suitable for stony soils. It is available on request with packer, cage, and spike rollers.",https://global.shaktimanagro.com/wp-content/uploads/2024/10/41-Light-Power-Harrow-SRPL-1200x919.png,srpl-light.png,srpl-light
https://global.shaktimanagro.com/srp/,SRP ,"SRP is a power harrow series specifically designed for tractors ranging from 35 HP to 115 HP provided with a CAT-II hitch. SRP power harrows have a working width up to 3.5 meters and are particularly suitable for stony and demanding soils. They are available on request with packer, cage, and spike rollers.",https://global.shaktimanagro.com/wp-content/uploads/2024/10/POWER-HARROW-SRP-1200x633.png,srp.png,srp
https://global.shaktimanagro.com/e-90/,E 90 ,"The E 90 power harrow has been specifically designed for 65-HP to 95-HP tractors provided with a CAT-II hitch. E 90 has a working width up to 2.46 meters and is particularly suitable for stony and demanding soils. It is available on request with packer, cage, and spike rollers.",https://global.shaktimanagro.com/wp-content/uploads/2024/10/SPH-E90-1200x680.png,e-90.png,e-90
https://global.shaktimanagro.com/m-120/,M 120 ,"The M 120 is a power harrow series specifically designed for tractors ranging from 80 HP to 120 HP provided with a CAT-II or III hitch. The power harrows have a working width of 2.5 and 3 meters and are particularly suitable for professional usage. The M 120 series can be combined with seed drills and are equipped with a PTO shaft and a slip clutch. They are available on request with packer, cage, and spike rollers.",https://global.shaktimanagro.com/wp-content/uploads/2024/10/36-Power-Harrow-M120-1200x693.png,m-120.png,m-120
https://global.shaktimanagro.com/h-160/,H 160 ,"The H 160 is a power harrow series specifically designed for tractors ranging from 120 HP to 170 HP provided with a CAT-II or III hitch. H 160 power harrows have a working width from 3 to 4 meters. They are particularly designed for heavy-duty soil bed preparation and can be combined with seed drills. The H 160 power harrows are equipped with a PTO shaft and a slip clutch. On request they are available with packer, cage, and spike rollers.",https://global.shaktimanagro.com/wp-content/uploads/2024/10/H160-1-1200x396.png,h-160.png,h-160
https://global.shaktimanagro.com/bma/,BMA ,"The BMA flail mower is basically a grass shredder designed for hobby farming. It adapts well to low-power tractors and is also robust for mowing tall grass. BMA standard equipment includes an internal freewheel clutch, Y-shaped grass scoops as well as an adjustable roller.",https://global.shaktimanagro.com/wp-content/uploads/2024/10/BMA-NEW-1200x800.png,bma.png,bma
https://global.shaktimanagro.com/bmo/,BMO ,"The BMO flail mower is basically a grass shredder designed for hobby farming. It adapts well to low-power tractors and is also robust for mowing tall grass. BMO standard equipment includes an internal freewheel clutch, Y-shaped grass scoops as well as an adjustable roller. BMO flail mowers can be used both behind and laterally to the tractor in five different positions.",https://global.shaktimanagro.com/wp-content/uploads/2024/10/12.-BMO-1200x800.png,bmo.png,bmo
https://global.shaktimanagro.com/sgm/,SGM ,"The SGM grooming mower is specifically designed for professional mowing of lawns and grassland. 4 swivel wheels enable the mower to follow the contour of the ground providing a precise and levelled cut even on rough terrains. The SGM grooming mower is best suitable for private and public lawns or parks, airports, hospitals, highways, golf courses, etc.",https://global.shaktimanagro.com/wp-content/uploads/2024/10/53-GROOMING-MOWER-SGM-2.1-1200x870.png,sgm.png,sgm
https://global.shaktimanagro.com/sdfm/,SDFM ,"The SDFM is a side discharge flail mower specifically designed for cutting grass and shredding fibrous and wood stalks up to a diameter of 8 cm. The shredded residues are then discharged back to the soil from both sides of the mower. SDFM is a perfect implement for vineyards. By replacing the discharge unit with a shutter, it can also be used as an ordinary flail mower.",https://global.shaktimanagro.com/wp-content/uploads/2024/10/SHAKTIMAN-SDFM-3.75-115-012A8071-1200x800.png,sdfm.png,sdfm
https://global.shaktimanagro.com/spfm/,SPFM ,"The SPFM is a professional pick-up flail mower featuring twin rotors. The front rotor makes sure that every stalk of straw is picked and shredded finely in the chamber. SPFM is best suited for shredding olive and orchard branches, as well as for vineyard and forestry applications. The SPFM pick-up flail mower comes with fixed or optional pivot wheels for best operations.",https://global.shaktimanagro.com/wp-content/uploads/2024/10/46-PICKUP-FLAIL-MOWER-SPFM-1200x798.png,spfm.png,spfm
https://global.shaktimanagro.com/sfm/,SFM ,"The SFM is a light-duty flail mower suitable for tractors ranging from 30 to 60 HP. The SFM flail mower comes with multiple options. It is available with hammers as well as knives. The variety of roller options, rakes and standard cover along with hydraulic and mechanical shift mechanism make the SFM flail mower a complete solution for the mowing needs on smaller farms.",https://global.shaktimanagro.com/wp-content/uploads/2024/10/SFM-1-1200x591.png,sfm.png,sfm
https://global.shaktimanagro.com/bmf/,BMF ,The BMF is a medium-duty flail mower designed for vineyards and orchards. BMF is available in different sizes up to 2.4 m and can shred shoots of up to 6 cm diameter. BMF distinguishes for its strong frame and heavy hammers in addition to a robust gearbox design with a free-wheel mechanism. All these features make it the perfect flail mower for all fruit and wine growers.,https://global.shaktimanagro.com/wp-content/uploads/2024/10/BMF-3-1200x789.png,bmf.png,bmf
https://global.shaktimanagro.com/bpf/,BPF ,BPF is a heavy-duty flail mower suitable for all mowing needs. It easily shreds grass and plant residue up to a thickness of 8 cm. The BPF flail mower has a very robust construction and requires little maintenance.,https://global.shaktimanagro.com/wp-content/uploads/2024/10/BPF-HEAVY-DUTY-1200x814.png,bpf.png,bpf
https://global.shaktimanagro.com/bpf-hyd-back-door/,BPF HYD BACK DOOR ,BPF HYD BACK DOOR is a heavy-duty flail mower suitable for all mowing needs. It easily shreds grass and plant residue up to a thickness of 8 cm. The BMF HYD BACK DOOR flail mower has a very robust construction and requires little maintenance.,https://global.shaktimanagro.com/wp-content/uploads/2024/10/BPF-HYD-Back-door-1-1200x814.png,bpf-hyd-back-door.png,bpf-hyd-back-door
https://global.shaktimanagro.com/bpf-closed-deck/,BPF CLOSED DECK ,BPF CLOSED DECK is a heavy-duty flail mower suitable for all mowing needs. It easily shreds grass and plant residue to a thickness of 8 cm. The BPF CLOSED DECK flail mower has a very robust construction and requires little maintenance.,https://global.shaktimanagro.com/wp-content/uploads/2024/10/BPF-HEAVY-DUTY-1200x814.png,bpf-closed-deck.png,bpf-closed-deck
https://global.shaktimanagro.com/srm/,SRM ,The SRM rotary mulcher is basically a specifically designed flail mower for the mulching needs of sugarcane farmers. Its raised deck makes shredding and mulching of almost all crops easy. The SRM rotary mulcher is available in both fixed and hydraulic variants.,https://global.shaktimanagro.com/wp-content/uploads/2024/10/ROTARY-MULCHER-SRM-1200x817.png,srm.png,srm
https://global.shaktimanagro.com/afm/,AFM ,"AFM is a flail mower that features a hydraulic arm to facilitate mowing of slopy grounds, roadsides, farms and trenches. Its 150-degree maneuverability makes it perfect for multiple areas and corners. Whether it is for municipalities, farmers, or forestry departments, the AFM armed flail mower is the right solution for tricky tasks.",https://global.shaktimanagro.com/wp-content/uploads/2024/10/SHAKTIMAN-ARM-FLAIL-MOWER-SAFM-1.6-012A7048-1200x800.png,afm.png,afm
https://global.shaktimanagro.com/bvf/,BVF ,"As the heaviest Shaktiman flail mower, BVF facilitates all professional farming operations. It comes with a robust, yet sleek design, and a balanced rotor with hammers. The BVF flail mower can easily chop and shred anything that comes in its way.",https://global.shaktimanagro.com/wp-content/uploads/2024/10/45-FLAIL-MOWER-BVF-1200x814.png,bvf.png,bvf
https://global.shaktimanagro.com/srs/,SRS ,"SRS has been specifically designed for slashing pasture toppings, rough-tough shrubs, and cutting tall weed or grass up to 25 mm. The SRS rotary slasher is a robust, yet handy implement for the maintenance of grassland, road verges and lawns proving the finest shredding.",https://global.shaktimanagro.com/wp-content/uploads/2024/10/ROTARY-SLASHER-SRS.png,srs.png,srs
https://global.shaktimanagro.com/sgmf/,SGMF ,"SGMF has been specifically designed for slashing pasture toppings, rough-tough shrubs, and cutting tall weed or grass up to 25 mm. The SGMF rotary slasher is a robust, yet handy implement for the maintenance of grassland, road verges and lawns proving the finest shredding.",https://global.shaktimanagro.com/wp-content/uploads/2024/10/SGMF-Model-1.35-1200x983.png,sgmf.png,sgmf
https://global.shaktimanagro.com/sgpf/,SGPF ,"SGPF has been specifically designed for slashing pasture toppings, rough-tough shrubs, and cutting tall weed or grass up to 25 mm. The SGPF rotary slasher is a robust, yet handy implement for the maintenance of grassland, road verges and lawns proving the finest shredding.",https://global.shaktimanagro.com/wp-content/uploads/2025/02/SGPF-1200x800-1.png,sgpf.png,sgpf
https://global.shaktimanagro.com/sga/,SGA ,"SGA has been specifically designed for slashing pasture toppings, rough-tough shrubs, and cutting tall weed or grass up to 20 mm. The SGA rotary slasher is a robust, yet handy implement for the maintenance of grassland, road verges and lawns proving the finest shredding.",https://global.shaktimanagro.com/wp-content/uploads/2024/10/SGA-1.45-1200x784.png,sga.png,sga
https://global.shaktimanagro.com/slc-joy-cutter/,SLC ,"SLC has been specifically designed for slashing pasture toppings, rough-tough shrubs, and cutting tall weed or grass up to 20 mm. The SLC is a robust, yet handy rotary slasher for the maintenance of grassland, road verges and lawns proving the finest shredding.",https://global.shaktimanagro.com/wp-content/uploads/2024/10/20.-SLC-Joy-Cutter-1200x680.png,slc-joy-cutter.png,slc-joy-cutter
https://global.shaktimanagro.com/srsh/,SRSH ,"SRSH is a high-clearance rotary slasher. It has been specifically designed for rice stubbles and grass cutting. Featuring a higher ground clearance than the previous version, SRSH easily cuts grass or stubbles to 2-3 cm height.",https://global.shaktimanagro.com/wp-content/uploads/2024/10/SRSH-1-1200x800.png,srsh.png,srsh
https://global.shaktimanagro.com/shr/,SHR ,"SHR is a ground-driven tractor-mounted hay rake designed to move mowed windrows across the soil surface or remaining crop stubble, creating a narrower windrow that dries rapidly. SHR has a simple shock-absorbing system that keeps the rake properly grounded. The SHR hay rake has no gears, chains, or other drive components making it a truly low-maintenance tool. It is suitable for paddy, wheat straw, and sugarcane trash.",https://global.shaktimanagro.com/wp-content/uploads/2024/10/Hay-Rake-1200x927.png,shr.png,shr
https://global.shaktimanagro.com/srhr/,SRHR ,"SRHR is a PTO hay rake meeting all requirements of careful and rapid swathing. It passes through the forage delicately without twisting or entangling, making hence subsequent baling easier. This rotary hay rake works seamlessly on both flat and hilly terrains. SRHR has a light but robust construction ensuring optimized harvesting by raking greater hay quantities at once.",https://global.shaktimanagro.com/wp-content/uploads/2024/10/SHAKTIMAN-ROTARY-HAY-RAKE-SRHR-3.5-9-0D5A2052-1200x800.png,srhr.png,srhr
https://global.shaktimanagro.com/srb-45/,SRB 45 ,"SRB 45 is a small and compact round baler that picks any combined harvested windrow in one go. The SRB 45 produces round bales of 15-25 kg that are easy to handle manually, making it suitable for smaller fields. This mini round baler features a digital bale counter as electronic buzzers for completion. Due to less spillage and better compaction along with low maintenance and ownership costs, SRB 45 is very feasible and profitable for farmers. It best suits rice, wheat, and sugarcane residues baling.",https://global.shaktimanagro.com/wp-content/uploads/2024/10/srb-45-2.png,srb-45.png,srb-45
https://global.shaktimanagro.com/srb-60-plus/,SRB 60 PLUS ,"SRB 60 PLUS is a small and compact round baler that picks any combined harvested windrow in one go. The SRB 60 PLUS produces round bales of 15-25 kg that are easy to handle manually, making it suitable for smaller fields. This mini round baler features a digital bale counter as electronic buzzers for completion. Due to less spillage and better compaction along with low maintenance and ownership costs, SRB 60 PLUS is very feasible and profitable for farmers. It best suits rice, wheat, and sugarcane residues baling.",https://global.shaktimanagro.com/wp-content/uploads/2024/10/srb_60_plus.png,srb-60-plus.png,srb-60-plus
https://global.shaktimanagro.com/srb-120/,SRB 120 ,"SRB 120 is a big round baler with a 6-feet wide pick-up that collects any combined harvested windrow in one go. The SRB 120 produces big round bales and can be towed by higher-power tractors. This big round baler features a digital bale counter as electronic buzzers for completion. Due to less spillage and better compaction along with low maintenance and ownership costs, SRB 120 is very feasible and profitable for farmers. It best suits rice, wheat, and sugarcane residues baling.",https://global.shaktimanagro.com/wp-content/uploads/2024/10/Big-Round-Baler-SRB-120-New-1200x889.png,srb-120.png,srb-120
https://global.shaktimanagro.com/sbm-165-150/,SBM 165/150 ,"BALE MASTER is a compact square baler that ensures hassle-free storage and easy transportation. BALE MASTER uses a PP twine or steel-wire knot for producing heavy and dense bales. This highly efficient and convenient baler comes with a digital counter for the prepared bales. BALE MASTER is particularly suitable for baling rice, wheat, or sugarcane residues.",https://global.shaktimanagro.com/wp-content/uploads/2024/10/BaleMasterNEW.png,sbm-165-150.png,sbm-165-150
https://global.shaktimanagro.com/sbm-165-plus/,SBM 165 Plus ,"BALE MASTER 165 PLUS is a compact square baler that ensures hassle-free storage and easy transportation. BALE MASTER 165 PLUS uses a PP twine or steel-wire knot for producing heavy and dense bales. This highly efficient and convenient baler comes with a digital counter for the prepared bales. BALE MASTER 165 PLUS is particularly suitable for baling rice, wheat, or sugarcane residues.",https://global.shaktimanagro.com/wp-content/uploads/2024/10/SBM-165-PLUS-NEW.png,sbm-165-plus.png,sbm-165-plus
https://global.shaktimanagro.com/sbm-175/,SBM 175 ,"BALE MASTER 175 is a compact square baler that ensures hassle-free storage and easy transportation. BALE MASTER 175 uses a PP twine or steel-wire knot for producing heavy and dense bales. This highly efficient and convenient baler comes with a digital counter for the prepared bales. BALE MASTER 175 is particularly suitable for baling rice, wheat, or sugarcane residues.",https://global.shaktimanagro.com/wp-content/uploads/2024/10/SBM175-new.png,sbm-175.png,sbm-175
https://global.shaktimanagro.com/sfb/,SFB ,"SFB is a conical fertilizer broadcaster suitable for spreading granular or crystalline fertilizer. The unique spreading disc system ensures the uniform broadcasting of fertilizer even over a greater distance. Precise, systematic, and uniform spreading of fertilizer increases soil fertility.",https://global.shaktimanagro.com/wp-content/uploads/2024/10/SFB-500-Conical-1200x999.png,sfb.png,sfb
https://global.shaktimanagro.com/ssfb/,SSFB ,"SSFB is a square fertilizer broadcaster suitable for spreading granular or crystalline fertilizer. The unique spreading disc system ensures the uniform broadcasting of fertilizer even over a greater distance. Precise, systematic, and uniform spreading of fertilizer increases soil fertility.",https://global.shaktimanagro.com/wp-content/uploads/2024/10/SHAKTIMAN-SSFB-400-0D5A2414-1200x800.png,ssfb.png,ssfb
https://global.shaktimanagro.com/sms/,SMS ,"SMS is a mobile shredder that can be used as a forage harvester. After cutting and shredding, the crop residues can be collected in the hitched trolley with an optional hydraulic chute that facilitates the flow direction. SMS is suitable for crops like maize, alfalfa, and napier grass. This mobile shredder comes with a foldable frame for easy transportation in addition to an inbuilt sharpening device.",https://global.shaktimanagro.com/wp-content/uploads/2024/10/SHAKTIMAN-MOBILE-SHREDDERSMS-540-SMS-012A7947-1200x800.png,sms.png,sms
https://global.shaktimanagro.com/forage-harvester/,FORAGE HARVESTER ,"The Shaktiman Forage Harvester is a  fodder harvester is a specialized agricultural machine designed for efficient and effective harvesting of fodder crops such as maize, sorghum, and other silage crops. This machine is built to maximize productivity while ensuring high-quality fodder for livestock. The SFH Fodder Harvester allows for adjustable cutting height, giving operators the flexibility to harvest at different levels depending on the type of crop and desired forage quality.",https://global.shaktimanagro.com/wp-content/uploads/2024/10/SHAKTIMAN-FORAGE-MASTER-2RI-012A1068-1200x800.png,forage-harvester.png,forage-harvester
https://global.shaktimanagro.com/banana-mulcher/,BANANA MULCHER ,SRM is a heavy-duty rotary mulcher suitable for all moving needs. It easily shreds grass and plant residues up to a thickness of 8 cm. This mulcher is particularly robust and needs little maintenance.,https://global.shaktimanagro.com/wp-content/uploads/2024/10/Banana-Mulcher-1-1200x800.png,banana-mulcher.png,banana-mulcher
https://global.shaktimanagro.com/sdm/,SDM ,"The Shaktiman Drum Mower is a versatile and efficient agricultural implement designed for cutting and mowing grass, hay, and other types of vegetation. It is particularly useful in managing large areas of grassland, meadows, and pastures. The drum mower is known for its robust construction and effective performance, making it a valuable tool for farmers and land managers.",https://global.shaktimanagro.com/wp-content/uploads/2024/10/SDM-NEW.png,sdm.png,sdm
https://global.shaktimanagro.com/shcs/,SHCS ,"SHCS is a unique, cost-efficient, and durable farming tool designed for increasing soil fertility by spreading compost uniformly over large fields. It ensures reduced labor costs as it does not need manual interventions. Operations can be either hydraulic or mechanical providing the same level of efficiency. SHCS is also suitable for spreading gravel, sand, gypsum, saw dust, vermi compost and other granular material.",https://global.shaktimanagro.com/wp-content/uploads/2025/02/SHCS-1200x800-1.png,shcs.png,shcs
https://global.shaktimanagro.com/snow-blower/,SNOW BLOWER ,"This front-mounted snow blower is very useful to remove snow in all conditions – powdery, crusted, icy, or wet – in one go. The snow blower is available in different sizes ranging from 54 to 78 inches and can be used for both residential or commercial purpose.",https://global.shaktimanagro.com/wp-content/uploads/2024/10/SNOW-BLOWER-1-1200x1378.png,snow-blower.png,snow-blower
https://global.shaktimanagro.com/mb-plough-light/,MB PLOUGH LIGHT ,"The hydraulically operated reversible MB PLOUGH LIGHT is a primary tillage equipment. It comes with a precisely hardened and tempered mold board, which facilitates best-in-class soil inversion and breaking up. This buries crop residues and organic matter deep into soil for speedy decomposition, improving soil aeration, and creating a good seedbed. The high under-frame clearance does not tamper the ridge and furrows.",https://global.shaktimanagro.com/wp-content/uploads/2024/10/MB-Plough-Light-1-1200x858.png,mb-plough-light.png,mb-plough-light
https://global.shaktimanagro.com/mb-plough/,MB PLOUGH ,"The hydraulically operated reversible MB PLOUGH is a primary tillage equipment. It comes with a precisely hardened and tempered mold board, which facilitates best-in-class soil inversion and breaking up. This buries crop residues and organic matter deep into soil for speedy decomposition, improving soil aeration, and creating a good seedbed. The high under-frame clearance does not tamper the ridge and furrows.",https://global.shaktimanagro.com/wp-content/uploads/2024/10/MB-Plough-1-1200x788.png,mb-plough.png,mb-plough
https://global.shaktimanagro.com/deep-chisel/,Deep Chisel ,"The Deep Chisel is a powerful agricultural implement designed for deep soil tillage. It is specifically engineered to break up compacted soil layers, enhance soil aeration, and improve water infiltration. This tool is essential for optimizing soil health and promoting better crop growth, especially in fields with hardpans or compacted layers.",https://global.shaktimanagro.com/wp-content/uploads/2024/10/deep-chisel-New-1200x929.png,deep-chisel.png,deep-chisel
https://global.shaktimanagro.com/ssso/,SSSO ,"The SSSO subsoiler is a powerful agricultural implement designed to break up and loosen soil deeper than standard tillage equipment, promoting better water infiltration, root growth, and overall soil health. This subsoiler is available with 1, 2, or 3 tines for different farming needs and soil conditions.",https://global.shaktimanagro.com/wp-content/uploads/2024/10/SUBSOILER-1200x1157.png,ssso.png,ssso
https://global.shaktimanagro.com/sphd/,SPHD ,"SPHD is a tractor-operated hole digger that is ideal for digging pits in any type of soil with less time and effort. It can dig pits of up to 36 inches depth in less than 2 minutes, providing a well-defined circumference and a neat finishing. The removed soil remains around the pit making it easier to fill back after plantation or erection. SPHD is particularly suitable for planting saplings of mango, coconut, lemon, teak, pomegranate, or the erection of fencing poles.",https://global.shaktimanagro.com/wp-content/uploads/2024/10/POST-HOLE-DIGGER-1.png,sphd.png,sphd
https://global.shaktimanagro.com/smsd/,SMSD ,"SMSD is a compact seeder that can be used even with low HP tractors. It is perfect for spreading fertilizer and planting seeds of wheat, rice, lucerne, rye, oats, peas, barley, soya, red clover, darnel, colza, mustard, maize, and many other crops. It is available in working widths from 2.5 to 3 meters. It comes with a wide range of standard equipment making it a very versatile implement.",https://global.shaktimanagro.com/wp-content/uploads/2024/10/77-MECHANICAL-SEED-DRILL-SMSD-180-1200x885.png,smsd.png,smsd
https://global.shaktimanagro.com/svpp/,SVPP ,"SVPP is a tractor-operated precision planter, which employs a pneumatic metering mechanism for placing seeds or fertilizer at a certain depth. As opposed to manual or less advanced sowing methods, it ensures uniform spacing. This enables a good crop stand that contributes to a maximum and uniform germination of seeds and the growth of vigorous seedlings in the fields.",https://global.shaktimanagro.com/wp-content/uploads/2024/10/SVPP-250.png,svpp.png,svpp
https://global.shaktimanagro.com/svpp-6-row/,SVPP – 6 ROW ,"SVPP-6 ROW is a tractor-operated precision planter, which employs a pneumatic metering mechanism for placing seeds or fertilizer at a certain depth. As opposed to manual or less advanced sowing methods, it ensures uniform spacing. This enables a good crop stand that contributes to a maximum and uniform germination of seeds and the growth of vigorous seedlings in the fields.",https://global.shaktimanagro.com/wp-content/uploads/2024/10/SVPP-350-6-ROw-1200x814.png,svpp-6-row.png,svpp-6-row
https://global.shaktimanagro.com/scmf-cutter-mixer-feeder/,SCMF – CUTTER MIXER FEEDER ,"The SCMF – CUTTER MIXER FEEDER is a smart piece of equipment specifically designed for the dairy industry. It cuts, mixes, weighs and feeds in one go and is perfect for the professional mixing and distribution of animal fodder. It is possible to adjust the auger revolutions for mixing the desired quantities, e.g. a high percentage of grass, and a small number of concentrates/licks. A hydraulic lever controls the output to distribute the right fodder quantity.",https://global.shaktimanagro.com/wp-content/uploads/2025/02/SCMF-Cutter-Fedder-Mixer-1200x800-1.png,scmf-cutter-mixer-feeder.png,scmf-cutter-mixer-feeder
https://global.shaktimanagro.com/rakshak-200/,RAKSHAK 200 ,"RAKSHAK 200 is a tractor-operated boom sprayer much appreciated by farmers because of its robust construction and trouble-free performance. Special nozzles ensure ample spray penetration into soil or crops. In addition to the main chemical tank and an auto-filling attachment, RAKSHAK 200 features also a circuit-cleaning tank and a hand-wash tank. Ultimate agitation provides extraordinary levels of efficiency.",https://global.shaktimanagro.com/wp-content/uploads/2024/10/Rakshak-200-1.png,rakshak-200.png,rakshak-200
https://global.shaktimanagro.com/rakshak-400-600/,RAKSHAK 400/600 ,"RAKSHAK 400/600 is a tractor-operated boom sprayer much appreciated by farmers because of its robust construction and trouble-free performance. Special nozzles ensure ample spray penetration into soil or crops. In addition to the main chemical tank and an auto-filling attachment, RAKSHAK 200 features also a circuit-cleaning tank and a hand-wash tank. Ultimate agitation provides extraordinary levels of efficiency.",https://global.shaktimanagro.com/wp-content/uploads/2024/10/SHAKTIMAN-BOOM-RAKSHAK-400STBS-MS-012A6897-1200x800.png,rakshak-400-600.png,rakshak-400-600
https://global.shaktimanagro.com/vineyard-200-orchard-200/,VINEYARD 200 / ORCHARD 200 ,"VINEYARD 200 and ORCHARD 200 are tractor-operated boom sprayers specifically designed for being used in vineyards and orchards, respectively. The highly efficient sprayers have a robust construction and provide trouble-free performance. Special nozzles ensure ample spray penetration into soil or crops.",https://global.shaktimanagro.com/wp-content/uploads/2024/10/ORCHARD-VINEYARD-200.png,vineyard-200-orchard-200.png,vineyard-200-orchard-200
https://global.shaktimanagro.com/vineyard-400-orchard-400/,VINEYARD 400 / ORCHARD 400 ,"VINEYARD 400 and ORCHARD 400 are tractor-operated boom sprayers specifically designed for being used in vineyards and orchards, respectively. The highly efficient sprayers have a robust construction and provide trouble-free performance. Special nozzles ensure ample spray penetration into soil or crops.",https://global.shaktimanagro.com/wp-content/uploads/2024/10/OrchardVineyard400-new.png,vineyard-400-orchard-400.png,vineyard-400-orchard-400
https://global.shaktimanagro.com/protektor-600-900/,Protektor 600/900 ,"The PROTEKTOR series consists of self-propelled high-clearance boom sprayers that are specially designed with a wider boom span for extensive crop coverage. During spraying operations, PROTEKTOR ensures reduced damage to tall crops like cotton, sunflower, paddy, and chilly due to higher ground clearance. Its advanced nozzles blast the spray into low-micron droplet size ensuring ample penetration into crops with top-to-bottom leaf coverage and reduced chemical usage. The hydrostatic transmission system of the 4WD vehicle stands for smooth, agile, and flexible operations.",https://global.shaktimanagro.com/wp-content/uploads/2024/10/SHAKTIMAN-PROTEKTOR-600-012A9803-1200x800.png,protektor-600-900.png,protektor-600-900
https://global.shaktimanagro.com/protektor-600-ac-cabin/,PROTEKTOR 600 AC CABIN ,"Protektor is designed for spraying agrochemicals on crop planted in row to row pattern. Suitable for spraying ground crops. High ground clearance, narrow wheels and short turning radius ensure minimum crop damages, hydraulic height adjustment boom with pendulum mechanism ensures stability and uniformity on uneven surfaces.",https://global.shaktimanagro.com/wp-content/uploads/2024/10/Self-Propelled-Boom-Sprayer-600.png,protektor-600-ac-cabin.png,protektor-600-ac-cabin
https://global.shaktimanagro.com/stmp/,STMP ,"Shaktiman has developed India’s first Self-Propelled Tree Maintenance Platform with varied and multiple applications across different sectors. It provides fast and direct top access to tree or any higher object. With storage buckets and power operated tools it is much more productive than traditional climbing. It is highly reliable and comes in handy in applications ranging from harvesting, tree pruning, tree canopy maintenance, washing, painting, cleaning, industrial/civil/electrical maintenance and street-light servicing.",https://global.shaktimanagro.com/wp-content/uploads/2024/10/platform-stmp.png,stmp.png,stmp
https://global.shaktimanagro.com/paddy-ropak-37/,PADDY ROPAK 37 ,PADDY ROPAK 37 is a specialized rice transplanter for the purpose of transplanting rice seedlings onto paddy fields.,https://global.shaktimanagro.com/wp-content/uploads/2024/10/Paddy-Ropak-37-3-1200x800.png,paddy-ropak-37.png,paddy-ropak-37
https://global.shaktimanagro.com/paddy-master-3776/,PADDY MASTER 3776 ,"The Paddy Harvester 3776 is a highly efficient machine designed for harvesting paddy. It features a fast and clean unloading auger which ensures quick and hassle-free grain discharge. Equipped with a grain tank sensor, it provides real-time monitoring of grain levels to optimize operations. Additionally, its wider, longer, and thicker rubber track ensures superior stability, durability, and reduced ground pressure, making it suitable for various field conditions.",https://global.shaktimanagro.com/wp-content/uploads/2024/10/Paddy-Master-3776-new-branding-1200x900.png,paddy-master-3776.png,paddy-master-3776
https://global.shaktimanagro.com/paddy-master-3785/,PADDY MASTER 3785 ,"PADDY MASTER 3785 is a track-driven combine harvester for paddy fields that combines harvesting, threshing, cleaning and bagging efficiently.",https://global.shaktimanagro.com/wp-content/uploads/2024/10/Paddy-Master-3785-1-1200x800.png,paddy-master-3785.png,paddy-master-3785
https://global.shaktimanagro.com/3737/,3737 ,"Shaktiman’s Sugarcane Harvester SSCH 3737 is designed for superior performance with its lightweight yet durable construction and efficient operational systems. The harvester features a smooth, uniform feed that reduces cane losses and soil content. Its large, premium cab combines advanced technology with exceptional comfort. Powered by a Cummins BS-III engine, it offers robust performance tailored to meet the specific needs of farming operations.",https://global.shaktimanagro.com/wp-content/uploads/2024/10/SCH-3737-Mar-1.png,3737.png,3737
https://global.shaktimanagro.com/ssch-3737-tejas/,SSCH 3737 TEJAS ,"The new SSCH 3737 Tejas sugarcane harevster combines cutting-edge technology with robust performance, designed to meet the needs of modern farming. Powered by an advanced CRDI engine, it ensures exceptional fuel efficiency and reduced emissions. Featuring an auto-greasing system and an extractor fan with variable speed, the harvester minimizes maintenance while maximizing operational efficiency.",https://global.shaktimanagro.com/wp-content/uploads/2024/10/SSCH3737-Tejas-V-CE-V-BR.png,ssch-3737-tejas.png,ssch-3737-tejas
https://global.shaktimanagro.com/3737-bsiv/,3737-BSIV ,"3737-BSIV is part of the advanced Shaktiman Sugarcane Harvester series that deals efficiently with all sugarcane crop harvesting operations including cane cutting, removing trash, leaves, and dirt from the cane plus an elevator conveyor system. Advanced technology and many specific features provide best performance and higher yields.",https://global.shaktimanagro.com/wp-content/uploads/2024/10/SUGARCANE-HARVESTER-SSCH-3737-BS-IV-and-MEGA-1200x907.png,3737-bsiv.png,3737-bsiv
https://global.shaktimanagro.com/3737-mega/,3737 MEGA ,"3737 MEGA is part of the advanced Shaktiman Sugarcane Harvester series that deals efficiently with all sugarcane crop harvesting operations including cane cutting, removing trash, leaves, and dirt from the cane plus an elevator conveyor system. Advanced technology and many specific features provide best performance and higher yields.",https://global.shaktimanagro.com/wp-content/uploads/2024/10/SUGARCANE-HARVESTER-SSCH-3737-BS-IV-and-MEGA-1-1200x907.png,3737-mega.png,3737-mega
https://global.shaktimanagro.com/ssch-3737-tejas-v-ce/,SSCH 3737 TEJAS-V-CE ,"The SHAKTIMAN BS-V CANE HARVESTER 3737 TEJAS CE is designed to deliver top-tier performance and efficiency. Powered by the Volvo BS-V engine, it combines power and fuel savings with its Auto Save Mode. Safety and durability are prioritized with a rear-view camera, larger display, and a guard for the tail lamp.",https://global.shaktimanagro.com/wp-content/uploads/2024/10/SSCH3737-Tejas-V-CE-V-BR.png,ssch-3737-tejas-v-ce.png,ssch-3737-tejas-v-ce
https://global.shaktimanagro.com/4437/,4437 ,"4437 is part of the advanced Shaktiman Sugarcane Harvester series that deals efficiently with all sugarcane crop harvesting operations including cane cutting, removing trash, leaves, and dirt from the cane plus an elevator conveyor system. Advanced technology and many specific features provide best performance and higher yields.",https://global.shaktimanagro.com/wp-content/uploads/2024/10/SUGARCANE-HARVESTER-4437-with-Tyre-1200x800.png,4437.png,4437
https://global.shaktimanagro.com/cotton-master/,COTTON MASTER ,"COTTON MASTER is a highly efficient cotton picker. It comes with multiple advanced features for best performance and increased cotton yields. By means of fast cotton picking at reduced labor and fuel costs and hassle-free operations, the COTTON MASTER is a true master on your cotton fields. In addition, operator comfort is assured by the air-conditioned cabin with ergonomic seats and easy steering.",https://global.shaktimanagro.com/wp-content/uploads/2025/02/COTTON-MASTER.png,cotton-master.png,cotton-master
https://global.shaktimanagro.com/ssbm-850/,SSBM 850 ,"Powered by 7 electric motors, the SSBM 850 silage baler is the result of cutting-edge agricultural technology and precision engineering. Designed to streamline the entire silage-making process, this farming equipment is a must-have for farmers who are looking for efficient silage baling performance to improve the overall silage quality. SSBM 850 stands for high density and easy-to-handle bales.",https://global.shaktimanagro.com/wp-content/uploads/2024/10/Silage-Baler-850-1200x853.png,ssbm-850.png,ssbm-850
https://global.shaktimanagro.com/atom-product/,ATOM ,ATOM rotary tillers are very versatile implements designed for compact tractors in inter cultivation operations or other orchard applications. ATOM tillers greatly control weed growth and provide enhanced dry-tillage efficiency. Their all-purpose utility makes them a must-have on every farm.,https://global.shaktimanagro.com/wp-content/uploads/2024/10/Atom-Series-Rotary-Tiller-TM-1200x800.png,atom-product.png,atom-product
https://global.shaktimanagro.com/srbv-160/,SRBV 160 ,"A variable chamber round baler is a used for bundling hay or other crops into round bales. The chamber can be adjusted to accommodate different crop sizes and moisture levels, allowing for more flexibility and efficiency in the baling process. It produces big round bales. It’s suitable for bigger fields and can be driven by higher HP tractors. With less spillage and better compaction, it incurs very low maintenance and ownership costs which makes it economically viable and hence very profitable for farmers.",https://global.shaktimanagro.com/wp-content/uploads/2025/02/Variable-Chamber-Round-Baler_no_shadow-1200x800.png,srbv-160.png,srbv-160
https://global.shaktimanagro.com/folding-power-harrow/,MP250 ,"MP250 folding power harrow is mainly used to till heavy duty soil and prepare the soil to create an optimal seedbed for planting crops without creating any hard pan through vertical axis rotation. It is specifically designed for the tractor ranges from 160 HP to 250 HP with category 3 hitch.Robust construction with working width up to 5 & 6 m . It has packer roller, cage roller and spike roller & suitable for stony and demanding soils",https://global.shaktimanagro.com/wp-content/uploads/2025/01/Folding-Power-Harrow-1200x800.png,folding-power-harrow.png,folding-power-harrow
https://global.shaktimanagro.com/sugarcane-harvester-4437-with-track/,4437 WITH TRACK ,"The SHAKTIMAN SSCH-4437 is a powerhouse in sugarcane harvesting, driven by a powerful Scania Tier II engine for unmatched performance. Equipped with the graphic display provides real-time engine and harvesting insights, ensuring perfection in every operation.",https://global.shaktimanagro.com/wp-content/uploads/2025/01/TIME7774-1200x800.png,sugarcane-harvester-4437-with-track.png,sugarcane-harvester-4437-with-track
https://global.shaktimanagro.com/ull/,ULL ,"ULL rotary tiller series exclusively designed & built for the European & American markets which can be used for small scale farming with smaller HP tractors , It is suitable for gardening & hobby farming usage .",https://global.shaktimanagro.com/wp-content/uploads/2025/10/ULL-NEW.png,ull.png,ull
https://global.shaktimanagro.com/uh-reverse-rotation/,UH REVERSE ROTATION ,"The Shaktiman UH Reverse Rotation Rotary Tiller is a specialized agricultural implement designed for efficient tillage. Unlike conventional rotary tillers, this machine features reverse rotation, meaning the blades rotate in the opposite direction of travel. This results in finer soil tilling, deeper cultivation, and better mixing of crop residues or organic matter into the soil.",https://global.shaktimanagro.com/wp-content/uploads/2025/10/UH-reverse-rotation.png,uh-reverse-rotation.png,uh-reverse-rotation
https://global.shaktimanagro.com/in-out/,IN OUT ,"The Shaktiman In-Out Rotary Tiller is a high precision inter row tillage machine, specially designed for vineyards, orchards, and plantations. Built for effective mechanical weed control, it promotes better soil aeration and root health without the use of herbicides making it ideal for organic and sustainable farming. A standout feature is its hydraulic side shift mechanism with sensor based obstacle detection, allowing the tiller to automatically manoeuvre around trees, vines, and posts with ease. The machine also includes hydraulic tilting of the rotor head, which is heightadjustable and equipped with a spring damper to absorb violent shocks, ensuring smooth operation in challenging field conditions. For added protection, the rotor is fitted with a special safety coupling in the transmission, guarding against sudden impacts or overloads. With its uniform tillage, efficient weed suppression, and easy manoeuvrability, the Shaktiman In and Out Rotary Tiller delivers healthier fields with minimal labour and zero chemicals.",https://global.shaktimanagro.com/wp-content/uploads/2025/10/In-Out-tiller-new.png,in-out.png,in-out
https://global.shaktimanagro.com/sfrt-6m/,SFRT-6M ,"The Shaktiman Folding Rotary Tiller is the ultimate solution for efficient and thorough soil preparation. Designed to deliver unmatched performance on even the toughest terrains, this is Shaktiman’ s heaviest and most robust rotary tiller, built to withstand the demands of continuous heavy-duty use. Equipped with high-performance rotary blades, it expertly breaks up, aerates, and mixes the soil—creating the ideal seedbed while effortlessly handling thick, well-rooted crop residues. Its mechanically adjustable rollers and multi-speed gearbox offer enhanced control and adaptability across various field conditions.The innovative folding design allows for a wider working width in the field, while ensuring easy transport and compact storage. This means you can cover more ground in less time—making it a favourite among professional farmers seeking maximum efficiency and durability.Whether you’re preparing hard-packed soil or managing large tracts of farmland, the Shaktiman Folding Rotary Tiller delivers cutting-edge performance, unmatched reliability, and rugged strength—season after season.",https://global.shaktimanagro.com/wp-content/uploads/2025/10/sfrt.png,sfrt-6m.png,sfrt-6m
https://global.shaktimanagro.com/tiger/,TIGER ,"Tiger series rotary tiller is a lean and mean specifically carved out for puddling as well as other dry land application. It comes in handy in preparing for seedbeds on clay soil and delta belts. Agile yet sturdy, it is light in weight, easy on the tractor and is thus fuel efficient. It’s sturdy blades helps in getting rid of weeds, improving drainage, and relieving compaction of the soil.",https://global.shaktimanagro.com/wp-content/uploads/2025/10/TIGER-NEW.png,tiger.png,tiger
https://global.shaktimanagro.com/in-out-rotary-harrow/,IN-OUT ROTARY HARROW ,"In-Out Rotary Harrow is a high-precision inter-row tillage solution designed for vineyards & orchards segments and It engineered for sustainable farming, it enables effective mechanical weed control, improving soil aeration and root development—without the use of herbicides. It equipped with sharp vertically mounted blades for deep, narrow tillage. It’s vertical design allows blades to break up compacted layers, improving water infiltration and root expansion. With hydraulic side-shift and sensor-guided obstacle detection, the harrow smoothly navigates around trees and vines. A safety coupling shields the rotor from shocks and overloads, ensuring reliable tillage, effective weed control, and chemical-free farming with minimal effort. Perfectly suited for organic farming, it eliminates the need for chemical herbicides by offering deep, uniform tillage that suppresses weed growth naturally.",https://global.shaktimanagro.com/wp-content/uploads/2025/10/IN-OUT-harrow.png,in-out-rotary-harrow.png,in-out-rotary-harrow
https://global.shaktimanagro.com/afm-light-duty/,AFM LIGHT DUTY ,"Light-duty arm flail mower is a specialized piece of agricultural equipment used for cutting vegetation, such as grass, shrubs, and small trees, in various terrains. It is designed to be attached to a tractor and operates using a rotating shaft with multiple hammer blades assembled. The “arm” feature allows the mower to extend outwards, making it ideal for reaching areas that are difficult to mow with traditional equipment, such as roadside verges, ditches and embankments.",https://global.shaktimanagro.com/wp-content/uploads/2025/10/AFM-LIGHT-DUTY-NEW.png,afm-light-duty.png,afm-light-duty
https://global.shaktimanagro.com/afm-heavy-duty/,AFM HEAVY DUTY ,"The Shaktiman Arm Flail Mower Heavy Duty is a robust agricultural implement designed for mowing, shredding, and vegetation management on various terrains. It features an arm that allows the mower to extend outwards, Its arm is hydraulically connected & it’s making particularly effective for maintaining ditches, hedges, embankments, and roadsides",https://global.shaktimanagro.com/wp-content/uploads/2025/10/AFM-LIGHT-DUTY-1-1.png,afm-heavy-duty.png,afm-heavy-duty
https://global.shaktimanagro.com/sfm-light/,SFM LIGHT ,"The SFM Light Duty Flail Mower offers versatility, durability, and efficiency for light-duty mowing tasks. Its design allows for smooth operation on rough, uneven terrain while delivering a neat and clean cut. This mower is ideal for maintaining residential gardens, small farms, orchards, and parks, where manoeuvrability and consistent performance are essential.",https://global.shaktimanagro.com/wp-content/uploads/2025/10/SFM-LIGHT-NEW.png,sfm-light.png,sfm-light
https://global.shaktimanagro.com/sfm-ultra-light/,SFM ULTRA LIGHT ,"The SFM Light Duty Flail Mower offers versatility, durability, and efficiency for light-duty mowing tasks. Its design allows for smooth operation on rough, uneven terrain while delivering a neat and clean cut. This mower is ideal for maintaining residential gardens, small farms, orchards, and parks, where manoeuvrability and consistent performance are essential.",https://global.shaktimanagro.com/wp-content/uploads/2025/10/SFM-ULTRA-LIGHT.png,sfm-ultra-light.png,sfm-ultra-light
https://global.shaktimanagro.com/bzf/,BZF ,"A BZF flail mower is designed for cutting grass, weeds, and other vegetation. It use hammer blades mounted on rotating rotor. It is having a robust transmission with 5 belts & It has a wide range of applications, primarily in agriculture, landscaping, and forestry. It is majorly applicable for the heavy duty application & It built to handle tough terrain and dense vegetation, making it ideal for overgrown areas.",https://global.shaktimanagro.com/wp-content/uploads/2025/10/BZF-NEW.png,bzf.png,bzf
https://global.shaktimanagro.com/sffm/,SFFM ,"The Shaktiman folding flail mower designed for agricultural and land maintenance tasks. It is ideal for cutting grass, managing overgrown areas, and even handling tougher vegetation on larger tracts of land. It is the best solution for farmers, landowners, and maintenance crews who need reliable equipment for managing large areas of land. It is beneficial for farmers having a huge land holding.",https://global.shaktimanagro.com/wp-content/uploads/2025/10/SFFM-COVER-NEW.png,sffm.png,sffm
https://global.shaktimanagro.com/srs-3-2/,SRS 3.2 ,"Shaktiman Rotary Slasher may be specialized for handling heavy-duty agricultural tasks as a robust agricultural implement designed for efficient mowing and shredding of large areas, including fallow lands, crop residues, and pastures. It’s coming with Powerful Gearbox System , Efficient cutting mechanism , Durability and Strengthen build quality with Suitable for a wide range of applications.",https://global.shaktimanagro.com/wp-content/themes/x-project-wp/img/default-thumbnail.jpg,srs-3-2.jpg,srs-3-2
https://global.shaktimanagro.com/srb-45c/,SRB 45C ,Shaktiman Round Baler-45 Compact is a smaller and lighter round baler. Compact model is  designed for ease of maneuverability in tight spaces and smaller fields. Provided with density control with 3 options through mechanical linkages and an adjustable track width with bolt and nut. It is ideal for handling residues like hay or straw offering both reliability and performance in every bale.,https://global.shaktimanagro.com/wp-content/uploads/2025/10/srb-45c.png,srb-45c.png,srb-45c
https://global.shaktimanagro.com/static-shredder/,Static  Shredder ,"The Shaktiman Mobile Static Shredder is a robust and efficient agricultural machine designed for shredding crop residues, branches, and organic waste into fine pieces. This stationary yet transportable machine helps farmers manage agricultural waste effectively, turning it into nutrient-rich mulch or compost material. Its powerful shredding mechanism and user-friendly design make it an ideal solution for sustainable farming practices.",https://global.shaktimanagro.com/wp-content/uploads/2025/10/STATIC-SHREDDER.png,static-shredder.png,static-shredder
https://global.shaktimanagro.com/shsdcs/,SHSDCS ,"The Shaktiman side discharge hyd. compost spreader is designed exclusively for conventional agricultural applications and is suitable spreading the compost of manure one side of the soil to increase its fertility. By applying the compost to the side, the operator can avoid compacting the soil with the tires of the tractor, reducing soil damage and preserving soil structure.",https://global.shaktimanagro.com/wp-content/uploads/2025/10/SHSDCS.png,shsdcs.png,shsdcs
https://global.shaktimanagro.com/horizontal-feed-mixer/,HORIZONTAL FEED MIXER ,"The Shaktiman horizontal feed mixer is a vital piece of equipment in agricultural settings, specifically designed to efficiently mix animal feed ingredients. This machine is vital for dairy and livestock breeders, as it effortlessly provides the required shredding of various materials including Stalks, Alfalfa, Oats, Grass, Bale packages. In a remarkably short time, the Shaktiman horizontal feed mixer can process large quantities of feed, making it an ideal solution for both large-scale industrial livestock breeders and small-scale farmers.",https://global.shaktimanagro.com/wp-content/uploads/2025/10/SHFM.png,horizontal-feed-mixer.png,horizontal-feed-mixer
https://global.shaktimanagro.com/vertical-feed-mixer/,VERTICAL FEED MIXER ,"Vertical feed mixer is a specialized agricultural machine designed for efficiently mixing animal feed ingredients Its verticaldesign allows for optimal mixing performance and is suitable for various livestock operations, from small farms to largecommercial feed mills The outlet is controlled by a hydraulic lever to distribute the right quantity of fodder This machine isessential for dairy and livestock breeders, it easily provides the required shredding of stalks, alfalfa, oats, grass, bale packages in a short time making it suitable for both large and small scale livestock breeders",https://global.shaktimanagro.com/wp-content/uploads/2025/10/SVFM.png,vertical-feed-mixer.png,vertical-feed-mixer
https://global.shaktimanagro.com/ssbm-600/,SSBM 600 ,"Silage Baler stands at the forefront of innovation in agricultural technology, oering a revolutionary solution for farmers seeking ecient and eectivesilage baling. Designed with precision engineering and advanced features, this baler is engineered to streamline the silage-making process, enhanceproductivity, and improve the overall quality of silage produced.",https://global.shaktimanagro.com/wp-content/uploads/2025/10/SILAGE-BALER.png,ssbm-600.png,ssbm-600
https://global.shaktimanagro.com/protektor-900-ac-cabin/,PROTEKTOR 900 AC CABIN ,"Protektor 900 AC Cabin self-propelled sprayer is equipped with a reliable Kubota diesel engine, navigation system and a comfortable air-conditioned cabin for all-weather operation. It features a pendulum mechanism with a telescopic boom for stable and adjustable spraying over uneven terrain. A diaphragm spray pump ensures consistent pressure, while the jet agitation system maintains a uniform chemical mix. Hydrostatic transmission with a two-speed gearbox provides smooth control and versatility in the field. Ceramic nozzle tips offer long-lasting precision, and 4WD with 4WS ensures excellent traction and maneuverability. Designed for spraying agrochemicals on crop planted in row to row pattern and suitable for spraying ground crops",https://global.shaktimanagro.com/wp-content/uploads/2024/10/Self-Propelled-Boom-Sprayer-900.png,protektor-900-ac-cabin.png,protektor-900-ac-cabin
https://global.shaktimanagro.com/e60/,E60 ,E60 Power Harrow is an advanced agricultural implement designed for soil preparation. It is mainly used to till and prepare the soil to create an optimal seedbed for planting crops without creating any hard pan through vertical axis rotation. It is specifically designed for the tractor ranges from 40 HP to 60 HP with category-II hitch.SPH E60 Power harrow have a robust construction & high-quality gearbox to handle the rigors of challenging terrain and maintain power consistency across various soil types.,https://global.shaktimanagro.com/wp-content/uploads/2025/10/E60-NEW.png,e60.png,e60
https://global.shaktimanagro.com/sdh/,SDH ,"This implement has been a designed to meet the needs of tillage applications such as preparing soil for crops & improve soil fertility. It’s designed with set of curved, circular rotating discs attached to the solid mainframe. It isused to chop up unwanted weeds or crop residue. Because of it’s reversed angle of attack on the soil, Each disc relies on it’s weight to penetrate the vegetations and soil.It is having highly durable and reliable three-point linkage mounted and it applicable with CAT-II & CAT-III hitching category, Which can be used in all types of soil. It can be used to cut through and break up hard, compacted soil, allowing for the better water penetration, air circulation and roots growth.",https://global.shaktimanagro.com/wp-content/uploads/2025/10/Disc-Harrow-SDH-New.png,sdh.png,sdh
https://global.shaktimanagro.com/strhr/,STRHR ,"A Twin Rotor Hay Rake is a equipment used to collect hay in one line, such as alfalfa, grass, or other types of crops. It is a proper machine meeting all the requirements of rapid and careful swathing. It delivery rakes improve productivity and form uniform swaths sized to meet the requirements of high capacity balers & other application. These rotary rakes provide important features to ensure clean raking without contaminating. They also preserve the stubble and maintain high output, even on rough terrain.",https://global.shaktimanagro.com/wp-content/uploads/2025/10/twin-rotor-hay-rake-STRHR.png,strhr.png,strhr
https://global.shaktimanagro.com/orchard-600/,ORCHARD 600 ,"The orchard sprayer is tractor mounted one, specifically designed for orchard crops. It is a compact and robust construction and specialized ceramic nozzle tips that ensure precise spray penetration and excellent coverage. Suitable for all kind of orchard crops where tractor entry is possible.",https://global.shaktimanagro.com/wp-content/uploads/2025/10/VINEYARD600_new-removebg-preview.png,orchard-600.png,orchard-600
https://global.shaktimanagro.com/vineyard-600/,Vineyard 600 ,Vineyard sprayer is tractor mounted type which is specially designed for vineyards. It is robust construction and compact for ease of use in vineyard fields. Its specialized ceramic nozzle tips that ensure precise spray penetration on vineyards and excellent coverage.,https://global.shaktimanagro.com/wp-content/uploads/2025/10/VINEYARD600_new-removebg-preview.png,vineyard-600.png,vineyard-600
https://global.shaktimanagro.com/ssch-3737-mar-1/,SSCH 3737 MAR-1 ,"Introducing our high-performance Shaktiman Sugarcane Harvesters, designed for optimal efficiency and productivity. Equipped with a powerful Cummins MAR-1 engine, this harvester feature a robust yet lightweight construction, advanced front-end technology, and a premium cab with cutting-edge technology and unparalleled comfort.",https://global.shaktimanagro.com/wp-content/uploads/2024/10/SCH-3737-Mar-1.png,ssch-3737-mar-1.png,ssch-3737-mar-1
https://global.shaktimanagro.com/ssch-3737-tejas-v-br/,SSCH 3737 TEJAS-V-BR ,"Powered by a robust Volvo BS III engine, the SSCH 3737 TEJAS-V-BR is engineered for superior performance and efficiency. Designed to meet the demanding needs of modern sugarcane harvesting, this machine is built to reduce labor costs, optimize fuel consumption, and enhance operator comfort with state-of-the-art features and safety.",https://global.shaktimanagro.com/wp-content/uploads/2024/10/SSCH3737-Tejas-V-CE-V-BR.png,ssch-3737-tejas-v-br.png,ssch-3737-tejas-v-br
